"objectId(STRING_ID)","created(DATETIME)","updated(DATETIME)","cuisine(STRING)","name(STRING)","ownerId(STRING)","owner__Users__bcklsFK__ONE_TO_ONE"
"277AA15C-E863-6307-FF86-D048F78E4B00","01/17/2015 00:00:00 GMT+0000","01/21/2015 00:00:00 GMT+0000","fastfood","McDonald's",null,null
"761AF742-567F-6C4A-FFA9-9A17138A0A00","01/17/2015 00:00:00 GMT+0000","01/21/2015 00:00:00 GMT+0000","italian","Buca Di Bepo",null,null
"834AA1E2-1B8C-46F0-FFA9-BD2742B65500","02/19/2015 00:00:00 GMT+0000",null,"pizzeria","Mister Cat",null,"1796D982-6474-3326-FF24-4199B93E3D00"
"E1118F7D-AF69-8630-FF53-4A3FD5A90900","02/19/2015 00:00:00 GMT+0000",null,"japanese","Evraziya",null,"57E039EF-D1BB-76B7-FF6E-9E52676EED00"
"EB628266-A55A-E52A-FF1F-326D4E5D0200","01/17/2015 00:00:00 GMT+0000","01/21/2015 00:00:00 GMT+0000","mexican","Cantina Laredo",null,null
"FFE1C0BB-CFC6-738F-FFC1-7A8A66ED3A00","01/15/2015 00:00:00 GMT+0000","01/21/2015 00:00:00 GMT+0000","bakery","Endless Sweets",null,null
